seed,policy,ep_idx,friction,inertia,noise,reward,violation
0,Fixed,0,0.7,1.0,0.06154619216323706,-0.24004157913147803,1
0,Fixed,1,1.0,1.0,0.0560830804568765,-0.3160522939455231,1
0,Fixed,2,1.0,0.8,0.08641427033084204,-0.26666934284073496,1
0,Fixed,3,0.4,2.0,0.06450726596047784,-0.25055562365267686,1
0,Fixed,4,0.7,1.0,0.06496970690294569,-0.23646731607032423,1
0,Fixed,5,1.0,2.0,0.050387751304575394,-0.4489482817520903,1
0,Fixed,6,0.7,2.0,0.08226021519210205,-0.37166305444753733,1
0,Fixed,7,1.0,1.0,0.07507499147026182,-0.31549114812573,1
0,Fixed,8,1.0,0.8,0.08446942813027605,-0.2649675592031464,1
0,Fixed,9,0.7,2.0,0.0628953801152356,-0.3747352293892846,1
0,Fixed,10,1.0,1.0,0.06402736967522103,-0.3203925720807151,1
0,Fixed,11,0.7,2.0,0.08745118054519381,-0.3751844913752311,1
0,Fixed,12,0.7,1.0,0.07313422658356354,-0.24328722288277627,1
0,Fixed,13,1.0,2.0,0.06896581026143418,-0.47849689778541354,1
0,Fixed,14,0.4,1.0,0.06132902221593049,-0.20723300019658408,0
0,Fixed,15,0.7,0.8,0.0549016167730361,-0.20217231415651765,1
0,Fixed,16,1.0,2.0,0.08590579433436088,-0.4546714473254001,1
0,Fixed,17,0.7,0.8,0.07918750940328462,-0.2005667840112835,0
0,Fixed,18,0.7,0.8,0.05797868584058457,-0.2051486788138313,1
0,Fixed,19,0.4,2.0,0.0760906472546053,-0.2593280603432633,1
0,Fixed,20,0.4,1.0,0.05843248841072939,-0.20514132142274535,0
0,Fixed,21,0.4,1.0,0.08150331379436983,-0.20270931147370214,0
0,Fixed,22,1.0,0.8,0.08818960202900075,-0.2690702138191938,1
0,Fixed,23,1.0,0.8,0.056250277096177366,-0.26382815897595385,1
0,Fixed,24,0.7,1.0,0.05610868180693438,-0.23841722981712923,1
0,Fixed,25,0.7,2.0,0.053436959348887,-0.3647178204398628,1
0,Fixed,26,0.7,1.0,0.07521439148819281,-0.24122206129900994,1
0,Fixed,27,0.7,0.8,0.07108496710962903,-0.20076314900569575,1
0,Fixed,28,1.0,0.8,0.05033883316939512,-0.2657484750389193,1
0,Fixed,29,0.7,0.8,0.07156387365986244,-0.19936397434023276,0
0,EpsilonGreedy,0,0.7,1.0,0.06154619216323706,-0.1197267566085752,0
0,EpsilonGreedy,1,1.0,1.0,0.0560830804568765,-0.15725936005850322,0
0,EpsilonGreedy,2,1.0,0.8,0.08641427033084204,-0.12875220960983108,0
0,EpsilonGreedy,3,0.4,2.0,0.06450726596047784,-0.1894143831772307,0
0,EpsilonGreedy,4,0.7,1.0,0.06496970690294569,-0.12025320584878262,0
0,EpsilonGreedy,5,1.0,2.0,0.050387751304575394,-0.30462530191612064,1
0,EpsilonGreedy,6,0.7,2.0,0.08226021519210205,-0.23666529020555782,0
0,EpsilonGreedy,7,1.0,1.0,0.07507499147026182,-0.1571600099158031,0
0,EpsilonGreedy,8,1.0,0.8,0.08446942813027605,-0.12114116141295271,0
0,EpsilonGreedy,9,0.7,2.0,0.0628953801152356,-0.22766291735002733,0
0,EpsilonGreedy,10,1.0,1.0,0.06402736967522103,-0.1528888075905922,0
0,EpsilonGreedy,11,0.7,2.0,0.08745118054519381,-0.23393128995595222,0
0,EpsilonGreedy,12,0.7,1.0,0.07313422658356354,-0.11548023782355041,0
0,EpsilonGreedy,13,1.0,2.0,0.06896581026143418,-0.3095934955535962,1
0,EpsilonGreedy,14,0.4,1.0,0.06132902221593049,-0.09331823380276039,0
0,EpsilonGreedy,15,0.7,0.8,0.0549016167730361,-0.10107919860525799,0
0,EpsilonGreedy,16,1.0,2.0,0.08590579433436088,-0.31369007724376297,1
0,EpsilonGreedy,17,0.7,0.8,0.07918750940328462,-0.10182703329985486,0
0,EpsilonGreedy,18,0.7,0.8,0.05797868584058457,-0.10173819443387667,0
0,EpsilonGreedy,19,0.4,2.0,0.0760906472546053,-0.18134209588165795,0
0,EpsilonGreedy,20,0.4,1.0,0.05843248841072939,-0.10070896778904698,0
0,EpsilonGreedy,21,0.4,1.0,0.08150331379436983,-0.09556869776736521,0
0,EpsilonGreedy,22,1.0,0.8,0.08818960202900075,-0.17871028129713926,0
0,EpsilonGreedy,23,1.0,0.8,0.056250277096177366,-0.1280644602661404,0
0,EpsilonGreedy,24,0.7,1.0,0.05610868180693438,-0.12139478375113137,0
0,EpsilonGreedy,25,0.7,2.0,0.053436959348887,-0.240428386039062,1
0,EpsilonGreedy,26,0.7,1.0,0.07521439148819281,-0.11856510860469544,0
0,EpsilonGreedy,27,0.7,0.8,0.07108496710962903,-0.10115848828720153,0
0,EpsilonGreedy,28,1.0,0.8,0.05033883316939512,-0.12466615416912738,0
0,EpsilonGreedy,29,0.7,0.8,0.07156387365986244,-0.12032195313545842,0
0,LinUCB,0,0.7,1.0,0.06154619216323706,-0.1198236646006752,0
0,LinUCB,1,1.0,1.0,0.0560830804568765,-0.2246393621612959,0
0,LinUCB,2,1.0,0.8,0.08641427033084204,-0.17563339458041058,0
0,LinUCB,3,0.4,2.0,0.06450726596047784,-0.24171719773500633,1
0,LinUCB,4,0.7,1.0,0.06496970690294569,-0.12404810841619417,0
0,LinUCB,5,1.0,2.0,0.050387751304575394,-0.34447117034067964,1
0,LinUCB,6,0.7,2.0,0.08226021519210205,-0.3342597810226305,1
0,LinUCB,7,1.0,1.0,0.07507499147026182,-0.22647457539089055,0
0,LinUCB,8,1.0,0.8,0.08446942813027605,-0.17392620266895714,0
0,LinUCB,9,0.7,2.0,0.0628953801152356,-0.34244912685690726,1
0,LinUCB,10,1.0,1.0,0.06402736967522103,-0.22175779843327853,0
0,LinUCB,11,0.7,2.0,0.08745118054519381,-0.34008073001495687,1
0,LinUCB,12,0.7,1.0,0.07313422658356354,-0.12045242494371805,0
0,LinUCB,13,1.0,2.0,0.06896581026143418,-0.34461386147940687,1
0,LinUCB,14,0.4,1.0,0.06132902221593049,-0.11850447797636851,0
0,LinUCB,15,0.7,0.8,0.0549016167730361,-0.1256662718765787,0
0,LinUCB,16,1.0,2.0,0.08590579433436088,-0.35268747265505007,1
0,LinUCB,17,0.7,0.8,0.07918750940328462,-0.12461214663593946,0
0,LinUCB,18,0.7,0.8,0.05797868584058457,-0.12403782930225599,0
0,LinUCB,19,0.4,2.0,0.0760906472546053,-0.23754514694785323,1
0,LinUCB,20,0.4,1.0,0.05843248841072939,-0.11677432158952425,0
0,LinUCB,21,0.4,1.0,0.08150331379436983,-0.118920844172853,0
0,LinUCB,22,1.0,0.8,0.08818960202900075,-0.1713480907634503,0
0,LinUCB,23,1.0,0.8,0.056250277096177366,-0.145116210158577,0
0,LinUCB,24,0.7,1.0,0.05610868180693438,-0.1194683901656138,0
0,LinUCB,25,0.7,2.0,0.053436959348887,-0.34158747937895556,1
0,LinUCB,26,0.7,1.0,0.07521439148819281,-0.1205383443188221,0
0,LinUCB,27,0.7,0.8,0.07108496710962903,-0.12142947109293056,0
0,LinUCB,28,1.0,0.8,0.05033883316939512,-0.1489393674658202,0
0,LinUCB,29,0.7,0.8,0.07156387365986244,-0.12405806408164886,0
0,NeuralBandit,0,0.7,1.0,0.06154619216323706,-0.12034221851712731,0
0,NeuralBandit,1,1.0,1.0,0.0560830804568765,-0.2957663755470807,1
0,NeuralBandit,2,1.0,0.8,0.08641427033084204,-0.1321789812877698,0
0,NeuralBandit,3,0.4,2.0,0.06450726596047784,-0.27800437092533736,0
0,NeuralBandit,4,0.7,1.0,0.06496970690294569,-0.18738265571385784,0
0,NeuralBandit,5,1.0,2.0,0.050387751304575394,-0.32112980370309097,1
0,NeuralBandit,6,0.7,2.0,0.08226021519210205,-0.24100102141113078,1
0,NeuralBandit,7,1.0,1.0,0.07507499147026182,-0.23120353957648787,0
0,NeuralBandit,8,1.0,0.8,0.08446942813027605,-0.2048871771147374,0
0,NeuralBandit,9,0.7,2.0,0.0628953801152356,-0.34583807677748973,1
0,NeuralBandit,10,1.0,1.0,0.06402736967522103,-0.29559974894244634,1
0,NeuralBandit,11,0.7,2.0,0.08745118054519381,-0.3457359679702223,1
0,NeuralBandit,12,0.7,1.0,0.07313422658356354,-0.23733467327989755,0
0,NeuralBandit,13,1.0,2.0,0.06896581026143418,-0.4936705572205192,1
0,NeuralBandit,14,0.4,1.0,0.06132902221593049,-0.13925199402045557,0
0,NeuralBandit,15,0.7,0.8,0.0549016167730361,-0.13914323650120447,0
0,NeuralBandit,16,1.0,2.0,0.08590579433436088,-0.3244700001878931,1
0,NeuralBandit,17,0.7,0.8,0.07918750940328462,-0.22649729904771113,1
0,NeuralBandit,18,0.7,0.8,0.05797868584058457,-0.10083098753056055,0
0,NeuralBandit,19,0.4,2.0,0.0760906472546053,-0.2196986609513383,0
0,NeuralBandit,20,0.4,1.0,0.05843248841072939,-0.23181007508075174,1
0,NeuralBandit,21,0.4,1.0,0.08150331379436983,-0.1501071911386446,0
0,NeuralBandit,22,1.0,0.8,0.08818960202900075,-0.2325400281671184,0
0,NeuralBandit,23,1.0,0.8,0.056250277096177366,-0.25790358164729005,1
0,NeuralBandit,24,0.7,1.0,0.05610868180693438,-0.21527529760436437,1
0,NeuralBandit,25,0.7,2.0,0.053436959348887,-0.2576191708242827,1
0,NeuralBandit,26,0.7,1.0,0.07521439148819281,-0.1422850209023738,0
0,NeuralBandit,27,0.7,0.8,0.07108496710962903,-0.2246443459887596,1
0,NeuralBandit,28,1.0,0.8,0.05033883316939512,-0.20677630942045375,0
0,NeuralBandit,29,0.7,0.8,0.07156387365986244,-0.1163780253750217,0
0,Oracle,0,0.7,1.0,0.06154619216323706,-0.11904259088402455,0
0,Oracle,1,1.0,1.0,0.0560830804568765,-0.15307687219504243,0
0,Oracle,2,1.0,0.8,0.08641427033084204,-0.12253569192611866,0
0,Oracle,3,0.4,2.0,0.06450726596047784,-0.17969869891348025,1
0,Oracle,4,0.7,1.0,0.06496970690294569,-0.12169613353583807,0
0,Oracle,5,1.0,2.0,0.050387751304575394,-0.3118286389142509,1
0,Oracle,6,0.7,2.0,0.08226021519210205,-0.2354474313997591,1
0,Oracle,7,1.0,1.0,0.07507499147026182,-0.15211686184091244,0
0,Oracle,8,1.0,0.8,0.08446942813027605,-0.12076646743544941,0
0,Oracle,9,0.7,2.0,0.0628953801152356,-0.23684542706522133,1
0,Oracle,10,1.0,1.0,0.06402736967522103,-0.15628675907144915,0
0,Oracle,11,0.7,2.0,0.08745118054519381,-0.23635081203751224,1
0,Oracle,12,0.7,1.0,0.07313422658356354,-0.11934250423684915,0
0,Oracle,13,1.0,2.0,0.06896581026143418,-0.3086774051253406,1
0,Oracle,14,0.4,1.0,0.06132902221593049,-0.09529620028498931,0
0,Oracle,15,0.7,0.8,0.0549016167730361,-0.09968926274996509,0
0,Oracle,16,1.0,2.0,0.08590579433436088,-0.3117747426551105,1
0,Oracle,17,0.7,0.8,0.07918750940328462,-0.1035997066298117,0
0,Oracle,18,0.7,0.8,0.05797868584058457,-0.09806730677399231,0
0,Oracle,19,0.4,2.0,0.0760906472546053,-0.17727925647105486,1
0,Oracle,20,0.4,1.0,0.05843248841072939,-0.09710080962252411,0
0,Oracle,21,0.4,1.0,0.08150331379436983,-0.09860847491922095,0
0,Oracle,22,1.0,0.8,0.08818960202900075,-0.12143847912962318,0
0,Oracle,23,1.0,0.8,0.056250277096177366,-0.12451077798973739,0
0,Oracle,24,0.7,1.0,0.05610868180693438,-0.12330956784556982,0
0,Oracle,25,0.7,2.0,0.053436959348887,-0.2286397977480753,0
0,Oracle,26,0.7,1.0,0.07521439148819281,-0.12188681412269887,0
0,Oracle,27,0.7,0.8,0.07108496710962903,-0.10404836978514963,0
0,Oracle,28,1.0,0.8,0.05033883316939512,-0.12397473380011725,0
0,Oracle,29,0.7,0.8,0.07156387365986244,-0.10023585206656271,0
1,Fixed,0,0.7,1.0,0.06748489843769596,-0.24690806308564034,1
1,Fixed,1,0.7,0.8,0.07255569116337275,-0.2045361028941437,1
1,Fixed,2,0.7,2.0,0.06311021345160206,-0.37123726844151284,1
1,Fixed,3,0.7,1.0,0.06363013143814998,-0.24086263340445277,1
1,Fixed,4,1.0,2.0,0.06539624549822166,-0.4422592319429221,1
1,Fixed,5,0.7,2.0,0.06453938748557937,-0.37720121588852473,1
1,Fixed,6,0.7,2.0,0.08475937294384765,-0.3649951666983867,1
1,Fixed,7,0.7,1.0,0.05850854927391651,-0.24102629981066032,1
1,Fixed,8,1.0,2.0,0.057768320172406365,-0.4512000982310245,1
1,Fixed,9,1.0,2.0,0.06892960668515388,-0.4607453449364224,1
1,Fixed,10,1.0,2.0,0.06383680041223927,-0.47581070815242854,1
1,Fixed,11,0.7,1.0,0.05162337064761829,-0.23510924176695783,1
1,Fixed,12,0.7,1.0,0.05037553973248208,-0.2393566138260083,1
1,Fixed,13,0.4,0.8,0.07839658189314819,-0.16091419367261658,0
1,Fixed,14,1.0,1.0,0.0866270999186721,-0.3171309300226888,1
1,Fixed,15,0.4,0.8,0.08911657094491474,-0.1612868055197417,0
1,Fixed,16,1.0,1.0,0.08124530860369882,-0.31550607625613636,1
1,Fixed,17,0.7,0.8,0.055282932775136434,-0.2043987882554419,1
1,Fixed,18,1.0,0.8,0.08648624695200452,-0.2667897053733431,1
1,Fixed,19,0.7,0.8,0.08228029317449974,-0.1930602996638573,1
1,Fixed,20,0.7,2.0,0.057686684378124554,-0.37678166226892074,1
1,Fixed,21,0.7,0.8,0.07617765322390072,-0.20184661018719557,0
1,Fixed,22,0.4,2.0,0.08837395623883515,-0.2532614588415421,1
1,Fixed,23,0.7,0.8,0.06262720779776157,-0.20868705488564787,1
1,Fixed,24,0.4,0.8,0.08169088187300527,-0.1654824793605013,0
1,Fixed,25,0.4,0.8,0.08613618248240137,-0.15828400540280457,0
1,Fixed,26,0.4,2.0,0.08320642255618682,-0.2458023420310962,1
1,Fixed,27,0.4,2.0,0.05898805623891374,-0.24506770220369808,1
1,Fixed,28,0.7,0.8,0.050519383633738785,-0.20212699055751165,1
1,Fixed,29,1.0,0.8,0.08568160332073743,-0.2651223712745586,1
1,EpsilonGreedy,0,0.7,1.0,0.06748489843769596,-0.16041867136654359,0
1,EpsilonGreedy,1,0.7,0.8,0.07255569116337275,-0.1259919527702533,0
1,EpsilonGreedy,2,0.7,2.0,0.06311021345160206,-0.4442276168884891,1
1,EpsilonGreedy,3,0.7,1.0,0.06363013143814998,-0.15573768114267666,0
1,EpsilonGreedy,4,1.0,2.0,0.06539624549822166,-0.37732917178262104,1
1,EpsilonGreedy,5,0.7,2.0,0.06453938748557937,-0.29311799487569484,1
1,EpsilonGreedy,6,0.7,2.0,0.08475937294384765,-0.2950110366568069,1
1,EpsilonGreedy,7,0.7,1.0,0.05850854927391651,-0.15691258925468485,0
1,EpsilonGreedy,8,1.0,2.0,0.057768320172406365,-0.3764380875142324,1
1,EpsilonGreedy,9,1.0,2.0,0.06892960668515388,-0.3796406850251148,1
1,EpsilonGreedy,10,1.0,2.0,0.06383680041223927,-0.3779012651515073,1
1,EpsilonGreedy,11,0.7,1.0,0.05162337064761829,-0.4005775959386611,1
1,EpsilonGreedy,12,0.7,1.0,0.05037553973248208,-0.15933486879275602,0
1,EpsilonGreedy,13,0.4,0.8,0.07839658189314819,-0.09583142777388103,0
1,EpsilonGreedy,14,1.0,1.0,0.0866270999186721,-0.21786931156425582,0
1,EpsilonGreedy,15,0.4,0.8,0.08911657094491474,-0.09657370524425643,0
1,EpsilonGreedy,16,1.0,1.0,0.08124530860369882,-0.22117445501345032,0
1,EpsilonGreedy,17,0.7,0.8,0.055282932775136434,-0.12276625840628794,0
1,EpsilonGreedy,18,1.0,0.8,0.08648624695200452,-0.16894072018312994,0
1,EpsilonGreedy,19,0.7,0.8,0.08228029317449974,-0.12069034736538173,0
1,EpsilonGreedy,20,0.7,2.0,0.057686684378124554,-0.2964488033045579,1
1,EpsilonGreedy,21,0.7,0.8,0.07617765322390072,-0.12401734235439825,0
1,EpsilonGreedy,22,0.4,2.0,0.08837395623883515,-0.25043728453181857,0
1,EpsilonGreedy,23,0.7,0.8,0.06262720779776157,-0.12539684392229772,0
1,EpsilonGreedy,24,0.4,0.8,0.08169088187300527,-0.09679498363663326,0
1,EpsilonGreedy,25,0.4,0.8,0.08613618248240137,-0.09612391305736862,0
1,EpsilonGreedy,26,0.4,2.0,0.08320642255618682,-0.2572956530299377,0
1,EpsilonGreedy,27,0.4,2.0,0.05898805623891374,-0.2509786779487042,0
1,EpsilonGreedy,28,0.7,0.8,0.050519383633738785,-0.12556197594345003,0
1,EpsilonGreedy,29,1.0,0.8,0.08568160332073743,-0.17446212468600825,0
1,LinUCB,0,0.7,1.0,0.06748489843769596,-0.12283738734435204,0
1,LinUCB,1,0.7,0.8,0.07255569116337275,-0.10130049552147476,0
1,LinUCB,2,0.7,2.0,0.06311021345160206,-0.4316765480504435,1
1,LinUCB,3,0.7,1.0,0.06363013143814998,-0.12036073891477636,0
1,LinUCB,4,1.0,2.0,0.06539624549822166,-0.3552244810960607,1
1,LinUCB,5,0.7,2.0,0.06453938748557937,-0.4353652431962394,1
1,LinUCB,6,0.7,2.0,0.08475937294384765,-0.43658501991093235,1
1,LinUCB,7,0.7,1.0,0.05850854927391651,-0.12296322443599879,0
1,LinUCB,8,1.0,2.0,0.057768320172406365,-0.36565382835113763,1
1,LinUCB,9,1.0,2.0,0.06892960668515388,-0.36841802262825746,1
1,LinUCB,10,1.0,2.0,0.06383680041223927,-0.3606893792713407,1
1,LinUCB,11,0.7,1.0,0.05162337064761829,-0.12152808744935999,0
1,LinUCB,12,0.7,1.0,0.05037553973248208,-0.12364361428228168,0
1,LinUCB,13,0.4,0.8,0.07839658189314819,-0.08068003542304056,0
1,LinUCB,14,1.0,1.0,0.0866270999186721,-0.1728483521276043,0
1,LinUCB,15,0.4,0.8,0.08911657094491474,-0.08493200386658623,0
1,LinUCB,16,1.0,1.0,0.08124530860369882,-0.17029944089366553,0
1,LinUCB,17,0.7,0.8,0.055282932775136434,-0.10363630823991335,0
1,LinUCB,18,1.0,0.8,0.08648624695200452,-0.171950718207071,0
1,LinUCB,19,0.7,0.8,0.08228029317449974,-0.10320129181176196,0
1,LinUCB,20,0.7,2.0,0.057686684378124554,-0.43301511928555436,1
1,LinUCB,21,0.7,0.8,0.07617765322390072,-0.10258665939367659,0
1,LinUCB,22,0.4,2.0,0.08837395623883515,-0.17133849430337858,1
1,LinUCB,23,0.7,0.8,0.06262720779776157,-0.1014249310547499,0
1,LinUCB,24,0.4,0.8,0.08169088187300527,-0.08459980510332865,0
1,LinUCB,25,0.4,0.8,0.08613618248240137,-0.08645329544016594,0
1,LinUCB,26,0.4,2.0,0.08320642255618682,-0.17745582084276415,1
1,LinUCB,27,0.4,2.0,0.05898805623891374,-0.17028907923261236,1
1,LinUCB,28,0.7,0.8,0.050519383633738785,-0.10111042613274604,0
1,LinUCB,29,1.0,0.8,0.08568160332073743,-0.16979141087656255,0
1,NeuralBandit,0,0.7,1.0,0.06748489843769596,-0.21084957413716862,0
1,NeuralBandit,1,0.7,0.8,0.07255569116337275,-0.17454433579985532,0
1,NeuralBandit,2,0.7,2.0,0.06311021345160206,-0.2621828094141669,1
1,NeuralBandit,3,0.7,1.0,0.06363013143814998,-0.21006973421960795,0
1,NeuralBandit,4,1.0,2.0,0.06539624549822166,-0.3969685109546407,1
1,NeuralBandit,5,0.7,2.0,0.06453938748557937,-0.26997081193480704,1
1,NeuralBandit,6,0.7,2.0,0.08475937294384765,-0.25149210128856114,1
1,NeuralBandit,7,0.7,1.0,0.05850854927391651,-0.12355349440772684,0
1,NeuralBandit,8,1.0,2.0,0.057768320172406365,-0.5391798335739288,1
1,NeuralBandit,9,1.0,2.0,0.06892960668515388,-0.30711294982849124,1
1,NeuralBandit,10,1.0,2.0,0.06383680041223927,-0.72075947256891,1
1,NeuralBandit,11,0.7,1.0,0.05162337064761829,-0.1478113817130415,0
1,NeuralBandit,12,0.7,1.0,0.05037553973248208,-0.14540721374216808,0
1,NeuralBandit,13,0.4,0.8,0.07839658189314819,-0.10386038528313792,0
1,NeuralBandit,14,1.0,1.0,0.0866270999186721,-0.21486516900310287,0
1,NeuralBandit,15,0.4,0.8,0.08911657094491474,-0.0988891525569999,0
1,NeuralBandit,16,1.0,1.0,0.08124530860369882,-0.3943810914599041,1
1,NeuralBandit,17,0.7,0.8,0.055282932775136434,-0.13851494841931256,0
1,NeuralBandit,18,1.0,0.8,0.08648624695200452,-0.12689352226040584,0
1,NeuralBandit,19,0.7,0.8,0.08228029317449974,-0.14645930998371876,0
1,NeuralBandit,20,0.7,2.0,0.057686684378124554,-0.2579794642126133,1
1,NeuralBandit,21,0.7,0.8,0.07617765322390072,-0.23790944313555545,0
1,NeuralBandit,22,0.4,2.0,0.08837395623883515,-0.18436959639819742,1
1,NeuralBandit,23,0.7,0.8,0.06262720779776157,-0.2496312473694781,1
1,NeuralBandit,24,0.4,0.8,0.08169088187300527,-0.10041005650316391,0
1,NeuralBandit,25,0.4,0.8,0.08613618248240137,-0.08606190680078839,0
1,NeuralBandit,26,0.4,2.0,0.08320642255618682,-0.19032496246520364,1
1,NeuralBandit,27,0.4,2.0,0.05898805623891374,-0.24333194027929816,1
1,NeuralBandit,28,0.7,0.8,0.050519383633738785,-0.12153061316447689,0
1,NeuralBandit,29,1.0,0.8,0.08568160332073743,-0.1483353816972995,0
1,Oracle,0,0.7,1.0,0.06748489843769596,-0.12193832409753631,0
1,Oracle,1,0.7,0.8,0.07255569116337275,-0.10602178560161517,0
1,Oracle,2,0.7,2.0,0.06311021345160206,-0.23337464653920448,0
1,Oracle,3,0.7,1.0,0.06363013143814998,-0.12075502723104847,0
1,Oracle,4,1.0,2.0,0.06539624549822166,-0.308039067296882,1
1,Oracle,5,0.7,2.0,0.06453938748557937,-0.22395126478900007,0
1,Oracle,6,0.7,2.0,0.08475937294384765,-0.23582683039543753,1
1,Oracle,7,0.7,1.0,0.05850854927391651,-0.11865519244679246,0
1,Oracle,8,1.0,2.0,0.057768320172406365,-0.30938156324921295,1
1,Oracle,9,1.0,2.0,0.06892960668515388,-0.31214626146884494,1
1,Oracle,10,1.0,2.0,0.06383680041223927,-0.3145226800345765,1
1,Oracle,11,0.7,1.0,0.05162337064761829,-0.12383429273608895,0
1,Oracle,12,0.7,1.0,0.05037553973248208,-0.12362888495955239,0
1,Oracle,13,0.4,0.8,0.07839658189314819,-0.08125703139612166,0
1,Oracle,14,1.0,1.0,0.0866270999186721,-0.15275449926211637,0
1,Oracle,15,0.4,0.8,0.08911657094491474,-0.07505617908152215,0
1,Oracle,16,1.0,1.0,0.08124530860369882,-0.1548682480752488,0
1,Oracle,17,0.7,0.8,0.055282932775136434,-0.1012075418202985,0
1,Oracle,18,1.0,0.8,0.08648624695200452,-0.1253112714815973,0
1,Oracle,19,0.7,0.8,0.08228029317449974,-0.10372980852059226,0
1,Oracle,20,0.7,2.0,0.057686684378124554,-0.22554721048393767,0
1,Oracle,21,0.7,0.8,0.07617765322390072,-0.10118523488275881,0
1,Oracle,22,0.4,2.0,0.08837395623883515,-0.17551530892253364,1
1,Oracle,23,0.7,0.8,0.06262720779776157,-0.0976000911089724,0
1,Oracle,24,0.4,0.8,0.08169088187300527,-0.07625655066667691,0
1,Oracle,25,0.4,0.8,0.08613618248240137,-0.08254157252919583,0
1,Oracle,26,0.4,2.0,0.08320642255618682,-0.16626032234269295,1
1,Oracle,27,0.4,2.0,0.05898805623891374,-0.1725935447220897,1
1,Oracle,28,0.7,0.8,0.050519383633738785,-0.10064263284948907,0
1,Oracle,29,1.0,0.8,0.08568160332073743,-0.12458846148878247,0
2,Fixed,0,0.7,2.0,0.08873422948367579,-0.36455103000863687,1
2,Fixed,1,0.7,0.8,0.06114397783881388,-0.2026788979767498,1
2,Fixed,2,0.7,1.0,0.07784610634145511,-0.23920732082561394,1
2,Fixed,3,0.7,1.0,0.08470140580803201,-0.24035143372643863,1
2,Fixed,4,0.7,1.0,0.05043749345908913,-0.24820598782171494,1
2,Fixed,5,0.7,1.0,0.08645324336158983,-0.24140775217928073,1
2,Fixed,6,0.7,0.8,0.06772120893797759,-0.20240344242324504,0
2,Fixed,7,0.7,0.8,0.0688488002823859,-0.20216139660794552,1
2,Fixed,8,0.4,1.0,0.05360093409389547,-0.20538044631885685,0
2,Fixed,9,0.7,0.8,0.07765048383772015,-0.20441542761607845,1
2,Fixed,10,1.0,0.8,0.07109452439038581,-0.26847036476377006,1
2,Fixed,11,0.4,2.0,0.06761220007442081,-0.2520169376676896,1
2,Fixed,12,0.7,2.0,0.0898054657330627,-0.37128343215315013,1
2,Fixed,13,1.0,1.0,0.05949225066604838,-0.3187665992956824,1
2,Fixed,14,1.0,2.0,0.06241383602982997,-0.4778357502971107,1
2,Fixed,15,1.0,0.8,0.06752486043046622,-0.2660041083712982,1
2,Fixed,16,1.0,0.8,0.07990586123582574,-0.26998693505773214,1
2,Fixed,17,0.7,0.8,0.07857890940078274,-0.20138285354405142,0
2,Fixed,18,0.7,0.8,0.08774730084868648,-0.19866340027729273,0
2,Fixed,19,0.4,1.0,0.06645239067872677,-0.20448090765573534,0
2,Fixed,20,1.0,1.0,0.05554648112314484,-0.3203782429440454,1
2,Fixed,21,0.4,0.8,0.0773311535781603,-0.16265984661263153,0
2,Fixed,22,1.0,2.0,0.06367048351205529,-0.45681168046936327,1
2,Fixed,23,0.4,0.8,0.08265133020932355,-0.16334998565387793,0
2,Fixed,24,0.7,0.8,0.06380411468354134,-0.20497436946718348,1
2,Fixed,25,1.0,1.0,0.06786920035283929,-0.3160627838792119,1
2,Fixed,26,0.4,1.0,0.055435611913518736,-0.20873612515328854,0
2,Fixed,27,0.7,1.0,0.060396548718099546,-0.2414009449365819,1
2,Fixed,28,0.4,2.0,0.06598689795311832,-0.2427251022883944,1
2,Fixed,29,0.7,2.0,0.056036777754597936,-0.3744699037628824,1
2,EpsilonGreedy,0,0.7,2.0,0.08873422948367579,-0.27020937577138404,1
2,EpsilonGreedy,1,0.7,0.8,0.06114397783881388,-0.10135081046339647,0
2,EpsilonGreedy,2,0.7,1.0,0.07784610634145511,-0.11963773699692373,0
2,EpsilonGreedy,3,0.7,1.0,0.08470140580803201,-0.12268742696904333,0
2,EpsilonGreedy,4,0.7,1.0,0.05043749345908913,-0.1219986216924533,0
2,EpsilonGreedy,5,0.7,1.0,0.08645324336158983,-0.12347389255969302,0
2,EpsilonGreedy,6,0.7,0.8,0.06772120893797759,-0.1039534401378831,0
2,EpsilonGreedy,7,0.7,0.8,0.0688488002823859,-0.10064977042048599,0
2,EpsilonGreedy,8,0.4,1.0,0.05360093409389547,-0.10126848455831032,0
2,EpsilonGreedy,9,0.7,0.8,0.07765048383772015,-0.1007438525092077,0
2,EpsilonGreedy,10,1.0,0.8,0.07109452439038581,-0.13219273423472816,0
2,EpsilonGreedy,11,0.4,2.0,0.06761220007442081,-0.19331807819457922,0
2,EpsilonGreedy,12,0.7,2.0,0.0898054657330627,-0.2602236773039983,1
2,EpsilonGreedy,13,1.0,1.0,0.05949225066604838,-0.1729938949120058,0
2,EpsilonGreedy,14,1.0,2.0,0.06241383602982997,-0.32997925309872755,1
2,EpsilonGreedy,15,1.0,0.8,0.06752486043046622,-0.13118464844293254,0
2,EpsilonGreedy,16,1.0,0.8,0.07990586123582574,-0.13284055306235062,0
2,EpsilonGreedy,17,0.7,0.8,0.07857890940078274,-0.0996425524976679,0
2,EpsilonGreedy,18,0.7,0.8,0.08774730084868648,-0.09984290860396612,0
2,EpsilonGreedy,19,0.4,1.0,0.06645239067872677,-0.09816395804253177,0
2,EpsilonGreedy,20,1.0,1.0,0.05554648112314484,-0.17327902263760822,0
2,EpsilonGreedy,21,0.4,0.8,0.0773311535781603,-0.08130465965057926,0
2,EpsilonGreedy,22,1.0,2.0,0.06367048351205529,-0.33111002150325447,1
2,EpsilonGreedy,23,0.4,0.8,0.08265133020932355,-0.07878009242549755,0
2,EpsilonGreedy,24,0.7,0.8,0.06380411468354134,-0.09961960609516929,0
2,EpsilonGreedy,25,1.0,1.0,0.06786920035283929,-0.173953825753778,0
2,EpsilonGreedy,26,0.4,1.0,0.055435611913518736,-0.09714890945959029,0
2,EpsilonGreedy,27,0.7,1.0,0.060396548718099546,-0.12343002751161555,0
2,EpsilonGreedy,28,0.4,2.0,0.06598689795311832,-0.20157099013231278,0
2,EpsilonGreedy,29,0.7,2.0,0.056036777754597936,-0.269062947804226,1
2,LinUCB,0,0.7,2.0,0.08873422948367579,-0.2946008130971558,1
2,LinUCB,1,0.7,0.8,0.06114397783881388,-0.12483439571197505,0
2,LinUCB,2,0.7,1.0,0.07784610634145511,-0.15830532996403296,0
2,LinUCB,3,0.7,1.0,0.08470140580803201,-0.16210836714788002,0
2,LinUCB,4,0.7,1.0,0.05043749345908913,-0.16126516117842368,0
2,LinUCB,5,0.7,1.0,0.08645324336158983,-0.15506458504119924,0
2,LinUCB,6,0.7,0.8,0.06772120893797759,-0.12480370227199011,0
2,LinUCB,7,0.7,0.8,0.0688488002823859,-0.12422707169414321,0
2,LinUCB,8,0.4,1.0,0.05360093409389547,-0.12186886113253786,0
2,LinUCB,9,0.7,0.8,0.07765048383772015,-0.12470965124655108,0
2,LinUCB,10,1.0,0.8,0.07109452439038581,-0.16928481407646112,0
2,LinUCB,11,0.4,2.0,0.06761220007442081,-0.2204311199267593,1
2,LinUCB,12,0.7,2.0,0.0898054657330627,-0.29779092796425227,1
2,LinUCB,13,1.0,1.0,0.05949225066604838,-0.27839803552335435,1
2,LinUCB,14,1.0,2.0,0.06241383602982997,-0.3970676869060515,1
2,LinUCB,15,1.0,0.8,0.06752486043046622,-0.1726048943153009,0
2,LinUCB,16,1.0,0.8,0.07990586123582574,-0.17180063542557625,0
2,LinUCB,17,0.7,0.8,0.07857890940078274,-0.1241262502500628,0
2,LinUCB,18,0.7,0.8,0.08774730084868648,-0.12735414648896182,0
2,LinUCB,19,0.4,1.0,0.06645239067872677,-0.11747732730299659,0
2,LinUCB,20,1.0,1.0,0.05554648112314484,-0.2742820873865969,1
2,LinUCB,21,0.4,0.8,0.0773311535781603,-0.09519903335124605,0
2,LinUCB,22,1.0,2.0,0.06367048351205529,-0.39562426913664034,1
2,LinUCB,23,0.4,0.8,0.08265133020932355,-0.10250513316113928,0
2,LinUCB,24,0.7,0.8,0.06380411468354134,-0.12161830235298048,0
2,LinUCB,25,1.0,1.0,0.06786920035283929,-0.28434518630425004,1
2,LinUCB,26,0.4,1.0,0.055435611913518736,-0.12329127078224375,0
2,LinUCB,27,0.7,1.0,0.060396548718099546,-0.16184501330713988,0
2,LinUCB,28,0.4,2.0,0.06598689795311832,-0.2220050082379374,1
2,LinUCB,29,0.7,2.0,0.056036777754597936,-0.2865344928076249,1
2,NeuralBandit,0,0.7,2.0,0.08873422948367579,-0.22878128861821234,0
2,NeuralBandit,1,0.7,0.8,0.06114397783881388,-0.149822217899365,0
2,NeuralBandit,2,0.7,1.0,0.07784610634145511,-0.27919766687564884,1
2,NeuralBandit,3,0.7,1.0,0.08470140580803201,-0.27803941937808535,1
2,NeuralBandit,4,0.7,1.0,0.05043749345908913,-0.26352683634432916,0
2,NeuralBandit,5,0.7,1.0,0.08645324336158983,-0.16143774547094913,0
2,NeuralBandit,6,0.7,0.8,0.06772120893797759,-0.12473348106108409,0
2,NeuralBandit,7,0.7,0.8,0.0688488002823859,-0.15043160219371202,0
2,NeuralBandit,8,0.4,1.0,0.05360093409389547,-0.15847979529132178,0
2,NeuralBandit,9,0.7,0.8,0.07765048383772015,-0.18797086064300328,0
2,NeuralBandit,10,1.0,0.8,0.07109452439038581,-0.17268369254057514,0
2,NeuralBandit,11,0.4,2.0,0.06761220007442081,-0.18185234910241047,1
2,NeuralBandit,12,0.7,2.0,0.0898054657330627,-0.29817703691236114,1
2,NeuralBandit,13,1.0,1.0,0.05949225066604838,-0.21303469056251761,0
2,NeuralBandit,14,1.0,2.0,0.06241383602982997,-0.4201771286493057,1
2,NeuralBandit,15,1.0,0.8,0.06752486043046622,-0.21056060982159863,0
2,NeuralBandit,16,1.0,0.8,0.07990586123582574,-0.12886317060070257,0
2,NeuralBandit,17,0.7,0.8,0.07857890940078274,-0.10431902382587507,0
2,NeuralBandit,18,0.7,0.8,0.08774730084868648,-0.1860084476930121,0
2,NeuralBandit,19,0.4,1.0,0.06645239067872677,-0.12076148063184283,0
2,NeuralBandit,20,1.0,1.0,0.05554648112314484,-0.14955931648969467,0
2,NeuralBandit,21,0.4,0.8,0.0773311535781603,-0.14331181077657243,0
2,NeuralBandit,22,1.0,2.0,0.06367048351205529,-0.5927289867905927,1
2,NeuralBandit,23,0.4,0.8,0.08265133020932355,-0.12151163164751506,0
2,NeuralBandit,24,0.7,0.8,0.06380411468354134,-0.10465150192650441,0
2,NeuralBandit,25,1.0,1.0,0.06786920035283929,-0.5558801120910708,1
2,NeuralBandit,26,0.4,1.0,0.055435611913518736,-0.09596570227213219,0
2,NeuralBandit,27,0.7,1.0,0.060396548718099546,-0.19365544760203007,0
2,NeuralBandit,28,0.4,2.0,0.06598689795311832,-0.24788379667466676,0
2,NeuralBandit,29,0.7,2.0,0.056036777754597936,-0.36370403306246835,1
2,Oracle,0,0.7,2.0,0.08873422948367579,-0.2286001637150589,0
2,Oracle,1,0.7,0.8,0.06114397783881388,-0.10184609345268586,0
2,Oracle,2,0.7,1.0,0.07784610634145511,-0.11625494162834281,0
2,Oracle,3,0.7,1.0,0.08470140580803201,-0.11888094128308692,0
2,Oracle,4,0.7,1.0,0.05043749345908913,-0.12046127583743768,0
2,Oracle,5,0.7,1.0,0.08645324336158983,-0.11728282373369923,0
2,Oracle,6,0.7,0.8,0.06772120893797759,-0.10272836866217469,0
2,Oracle,7,0.7,0.8,0.0688488002823859,-0.09799708089793568,0
2,Oracle,8,0.4,1.0,0.05360093409389547,-0.09950094603108417,0
2,Oracle,9,0.7,0.8,0.07765048383772015,-0.10061881622333291,0
2,Oracle,10,1.0,0.8,0.07109452439038581,-0.12467097666630148,0
2,Oracle,11,0.4,2.0,0.06761220007442081,-0.17315526532910136,1
2,Oracle,12,0.7,2.0,0.0898054657330627,-0.23302252445872249,1
2,Oracle,13,1.0,1.0,0.05949225066604838,-0.15341688623451738,0
2,Oracle,14,1.0,2.0,0.06241383602982997,-0.30785839307350643,1
2,Oracle,15,1.0,0.8,0.06752486043046622,-0.12705242500936753,0
2,Oracle,16,1.0,0.8,0.07990586123582574,-0.12743470673303336,0
2,Oracle,17,0.7,0.8,0.07857890940078274,-0.10080007398411675,0
2,Oracle,18,0.7,0.8,0.08774730084868648,-0.10263813567622945,0
2,Oracle,19,0.4,1.0,0.06645239067872677,-0.09815267760081792,0
2,Oracle,20,1.0,1.0,0.05554648112314484,-0.1615627498301058,0
2,Oracle,21,0.4,0.8,0.0773311535781603,-0.08018130777389093,0
2,Oracle,22,1.0,2.0,0.06367048351205529,-0.31260829966482356,1
2,Oracle,23,0.4,0.8,0.08265133020932355,-0.08147258242682476,0
2,Oracle,24,0.7,0.8,0.06380411468354134,-0.10245729373048809,0
2,Oracle,25,1.0,1.0,0.06786920035283929,-0.1512213245043365,0
2,Oracle,26,0.4,1.0,0.055435611913518736,-0.09765980239323584,0
2,Oracle,27,0.7,1.0,0.060396548718099546,-0.12267138203443914,0
2,Oracle,28,0.4,2.0,0.06598689795311832,-0.17025469333038315,1
2,Oracle,29,0.7,2.0,0.056036777754597936,-0.2261306079491915,1
3,Fixed,0,0.4,0.8,0.0589143482028088,-0.15916090542281297,0
3,Fixed,1,0.4,0.8,0.05208023548801942,-0.1591789210318746,0
3,Fixed,2,0.7,1.0,0.07157157709638211,-0.2453589646444015,1
3,Fixed,3,0.4,1.0,0.06591921392510573,-0.20460359057507355,0
3,Fixed,4,1.0,2.0,0.05298731184792954,-0.4593439064491488,1
3,Fixed,5,1.0,1.0,0.07693486145626352,-0.32578546569432043,1
3,Fixed,6,0.4,2.0,0.08920727421924195,-0.24865583680897005,1
3,Fixed,7,1.0,0.8,0.05772577774274968,-0.2702430701887824,1
3,Fixed,8,0.4,0.8,0.0792284537007195,-0.15943966870357726,0
3,Fixed,9,0.7,0.8,0.06531801800874876,-0.20014388138175976,0
3,Fixed,10,0.4,2.0,0.08527365766631625,-0.24345236983391783,1
3,Fixed,11,1.0,0.8,0.05068504983671765,-0.2682195615408175,1
3,Fixed,12,1.0,2.0,0.05305622769929995,-0.46433056057245126,1
3,Fixed,13,0.7,1.0,0.05338155211365297,-0.24696735038588105,1
3,Fixed,14,1.0,0.8,0.07558633688891875,-0.2651529357197079,1
3,Fixed,15,0.7,0.8,0.08857334779923648,-0.19927685674830814,1
3,Fixed,16,1.0,0.8,0.05638383167364555,-0.2667979958392742,1
3,Fixed,17,0.7,2.0,0.056010047635933015,-0.36512534175687195,1
3,Fixed,18,0.7,2.0,0.07101454799288892,-0.3634559114434707,1
3,Fixed,19,1.0,0.8,0.05637703110370713,-0.26601844614729553,1
3,Fixed,20,0.4,2.0,0.08718547543597105,-0.24923081662186708,1
3,Fixed,21,1.0,0.8,0.0803505805450537,-0.2686799097583039,1
3,Fixed,22,1.0,1.0,0.05348204842728242,-0.31814850433568387,1
3,Fixed,23,1.0,1.0,0.06415421154009203,-0.3216371806002226,1
3,Fixed,24,1.0,0.8,0.08405162214300477,-0.27317975778407894,1
3,Fixed,25,0.4,2.0,0.07743465280121137,-0.2547353661905475,1
3,Fixed,26,0.7,1.0,0.061470121716512865,-0.2430644654444319,1
3,Fixed,27,0.4,2.0,0.0784499675558492,-0.25335182087438984,1
3,Fixed,28,0.7,0.8,0.08921253290824158,-0.20393309583827546,1
3,Fixed,29,0.7,2.0,0.08838875652480664,-0.369452420738171,1
3,EpsilonGreedy,0,0.4,0.8,0.0589143482028088,-0.07657362780679858,0
3,EpsilonGreedy,1,0.4,0.8,0.05208023548801942,-0.07831122320449935,0
3,EpsilonGreedy,2,0.7,1.0,0.07157157709638211,-0.1227142915959502,0
3,EpsilonGreedy,3,0.4,1.0,0.06591921392510573,-0.09457747809307367,0
3,EpsilonGreedy,4,1.0,2.0,0.05298731184792954,-0.5279150469974853,1
3,EpsilonGreedy,5,1.0,1.0,0.07693486145626352,-0.1691316621493472,0
3,EpsilonGreedy,6,0.4,2.0,0.08920727421924195,-0.19718728966402568,0
3,EpsilonGreedy,7,1.0,0.8,0.05772577774274968,-0.13092258489478426,0
3,EpsilonGreedy,8,0.4,0.8,0.0792284537007195,-0.07616513563502897,0
3,EpsilonGreedy,9,0.7,0.8,0.06531801800874876,-0.10466416683048353,0
3,EpsilonGreedy,10,0.4,2.0,0.08527365766631625,-0.20077784460310316,0
3,EpsilonGreedy,11,1.0,0.8,0.05068504983671765,-0.1330683583394348,0
3,EpsilonGreedy,12,1.0,2.0,0.05305622769929995,-0.32625946934528804,1
3,EpsilonGreedy,13,0.7,1.0,0.05338155211365297,-0.12347654282922735,0
3,EpsilonGreedy,14,1.0,0.8,0.07558633688891875,-0.18855421505106043,0
3,EpsilonGreedy,15,0.7,0.8,0.08857334779923648,-0.09766925205786481,0
3,EpsilonGreedy,16,1.0,0.8,0.05638383167364555,-0.13445939772869983,0
3,EpsilonGreedy,17,0.7,2.0,0.056010047635933015,-0.26836405018786486,1
3,EpsilonGreedy,18,0.7,2.0,0.07101454799288892,-0.25688834945563,1
3,EpsilonGreedy,19,1.0,0.8,0.05637703110370713,-0.13233479137819565,0
3,EpsilonGreedy,20,0.4,2.0,0.08718547543597105,-0.19023951933646865,0
3,EpsilonGreedy,21,1.0,0.8,0.0803505805450537,-0.2298729534299646,0
3,EpsilonGreedy,22,1.0,1.0,0.05348204842728242,-0.17613939334076514,0
3,EpsilonGreedy,23,1.0,1.0,0.06415421154009203,-0.17240921279006252,0
3,EpsilonGreedy,24,1.0,0.8,0.08405162214300477,-0.13199970280116957,0
3,EpsilonGreedy,25,0.4,2.0,0.07743465280121137,-0.2007185404813363,0
3,EpsilonGreedy,26,0.7,1.0,0.061470121716512865,-0.12522420580432603,0
3,EpsilonGreedy,27,0.4,2.0,0.0784499675558492,-0.19780787992569399,0
3,EpsilonGreedy,28,0.7,0.8,0.08921253290824158,-0.10511928304193294,0
3,EpsilonGreedy,29,0.7,2.0,0.08838875652480664,-0.268973960003327,1
3,LinUCB,0,0.4,0.8,0.0589143482028088,-0.12847736556929892,0
3,LinUCB,1,0.4,0.8,0.05208023548801942,-0.1222806533977807,0
3,LinUCB,2,0.7,1.0,0.07157157709638211,-0.14155379360717057,0
3,LinUCB,3,0.4,1.0,0.06591921392510573,-0.09490090738900037,0
3,LinUCB,4,1.0,2.0,0.05298731184792954,-0.3467340216713253,1
3,LinUCB,5,1.0,1.0,0.07693486145626352,-0.17779982576983333,0
3,LinUCB,6,0.4,2.0,0.08920727421924195,-0.1916546033103524,1
3,LinUCB,7,1.0,0.8,0.05772577774274968,-0.14587350104695107,0
3,LinUCB,8,0.4,0.8,0.0792284537007195,-0.1290750698425055,0
3,LinUCB,9,0.7,0.8,0.06531801800874876,-0.22890938698833752,0
3,LinUCB,10,0.4,2.0,0.08527365766631625,-0.19205475388888804,1
3,LinUCB,11,1.0,0.8,0.05068504983671765,-0.14730691910153348,0
3,LinUCB,12,1.0,2.0,0.05305622769929995,-0.3403212502870327,1
3,LinUCB,13,0.7,1.0,0.05338155211365297,-0.1420245633301327,0
3,LinUCB,14,1.0,0.8,0.07558633688891875,-0.1462246632652067,0
3,LinUCB,15,0.7,0.8,0.08857334779923648,-0.24174359270374374,0
3,LinUCB,16,1.0,0.8,0.05638383167364555,-0.14716101197531406,0
3,LinUCB,17,0.7,2.0,0.056010047635933015,-0.23400207250753163,0
3,LinUCB,18,0.7,2.0,0.07101454799288892,-0.21962798811717904,0
3,LinUCB,19,1.0,0.8,0.05637703110370713,-0.14827733458140757,0
3,LinUCB,20,0.4,2.0,0.08718547543597105,-0.18748495931475134,1
3,LinUCB,21,1.0,0.8,0.0803505805450537,-0.14778351141022866,0
3,LinUCB,22,1.0,1.0,0.05348204842728242,-0.18101695314176747,0
3,LinUCB,23,1.0,1.0,0.06415421154009203,-0.17498238488179205,0
3,LinUCB,24,1.0,0.8,0.08405162214300477,-0.15203617986067222,0
3,LinUCB,25,0.4,2.0,0.07743465280121137,-0.18558327153877868,1
3,LinUCB,26,0.7,1.0,0.061470121716512865,-0.1443167121516276,0
3,LinUCB,27,0.4,2.0,0.0784499675558492,-0.19006246949140876,1
3,LinUCB,28,0.7,0.8,0.08921253290824158,-0.2652643435868998,0
3,LinUCB,29,0.7,2.0,0.08838875652480664,-0.22288520437988324,0
3,NeuralBandit,0,0.4,0.8,0.0589143482028088,-0.15172215083046253,0
3,NeuralBandit,1,0.4,0.8,0.05208023548801942,-0.16974066790689826,1
3,NeuralBandit,2,0.7,1.0,0.07157157709638211,-0.4075387031606855,1
3,NeuralBandit,3,0.4,1.0,0.06591921392510573,-0.12267251370248722,0
3,NeuralBandit,4,1.0,2.0,0.05298731184792954,-0.4108773018472012,1
3,NeuralBandit,5,1.0,1.0,0.07693486145626352,-0.22330585340248518,0
3,NeuralBandit,6,0.4,2.0,0.08920727421924195,-0.18937372838751393,1
3,NeuralBandit,7,1.0,0.8,0.05772577774274968,-0.23006429744375365,1
3,NeuralBandit,8,0.4,0.8,0.0792284537007195,-0.1695092600224821,1
3,NeuralBandit,9,0.7,0.8,0.06531801800874876,-0.15384838779128657,0
3,NeuralBandit,10,0.4,2.0,0.08527365766631625,-0.17820592954327544,1
3,NeuralBandit,11,1.0,0.8,0.05068504983671765,-0.12449694480781344,0
3,NeuralBandit,12,1.0,2.0,0.05305622769929995,-0.3947006260276508,1
3,NeuralBandit,13,0.7,1.0,0.05338155211365297,-0.11933720816053389,0
3,NeuralBandit,14,1.0,0.8,0.07558633688891875,-0.2716693218959195,1
3,NeuralBandit,15,0.7,0.8,0.08857334779923648,-0.15092564129799668,0
3,NeuralBandit,16,1.0,0.8,0.05638383167364555,-0.12235092679914449,0
3,NeuralBandit,17,0.7,2.0,0.056010047635933015,-0.2254775724691087,0
3,NeuralBandit,18,0.7,2.0,0.07101454799288892,-0.3731710065965972,1
3,NeuralBandit,19,1.0,0.8,0.05637703110370713,-0.22949209722781988,1
3,NeuralBandit,20,0.4,2.0,0.08718547543597105,-0.18117383152759609,0
3,NeuralBandit,21,1.0,0.8,0.0803505805450537,-0.17960305437736004,0
3,NeuralBandit,22,1.0,1.0,0.05348204842728242,-0.391578649306998,1
3,NeuralBandit,23,1.0,1.0,0.06415421154009203,-0.17323919795013584,0
3,NeuralBandit,24,1.0,0.8,0.08405162214300477,-0.17573797593854093,0
3,NeuralBandit,25,0.4,2.0,0.07743465280121137,-0.20300335745985829,0
3,NeuralBandit,26,0.7,1.0,0.061470121716512865,-0.1215172260649506,0
3,NeuralBandit,27,0.4,2.0,0.0784499675558492,-0.22366304890914668,0
3,NeuralBandit,28,0.7,0.8,0.08921253290824158,-0.25652307457966567,1
3,NeuralBandit,29,0.7,2.0,0.08838875652480664,-0.22530767298555623,0
3,Oracle,0,0.4,0.8,0.0589143482028088,-0.0846543496401428,0
3,Oracle,1,0.4,0.8,0.05208023548801942,-0.07496828504650406,0
3,Oracle,2,0.7,1.0,0.07157157709638211,-0.12161316591662769,0
3,Oracle,3,0.4,1.0,0.06591921392510573,-0.09638655594871984,0
3,Oracle,4,1.0,2.0,0.05298731184792954,-0.3157969661726999,1
3,Oracle,5,1.0,1.0,0.07693486145626352,-0.1525488997733262,0
3,Oracle,6,0.4,2.0,0.08920727421924195,-0.1749613717015736,1
3,Oracle,7,1.0,0.8,0.05772577774274968,-0.12700160365167656,0
3,Oracle,8,0.4,0.8,0.0792284537007195,-0.08178794415856956,0
3,Oracle,9,0.7,0.8,0.06531801800874876,-0.10020275440945141,0
3,Oracle,10,0.4,2.0,0.08527365766631625,-0.175779405724807,1
3,Oracle,11,1.0,0.8,0.05068504983671765,-0.12570327521281155,0
3,Oracle,12,1.0,2.0,0.05305622769929995,-0.3149563255487636,1
3,Oracle,13,0.7,1.0,0.05338155211365297,-0.11703155949951122,0
3,Oracle,14,1.0,0.8,0.07558633688891875,-0.1249333352554009,0
3,Oracle,15,0.7,0.8,0.08857334779923648,-0.09864448737917049,0
3,Oracle,16,1.0,0.8,0.05638383167364555,-0.1260865708106703,0
3,Oracle,17,0.7,2.0,0.056010047635933015,-0.2331507441889059,0
3,Oracle,18,0.7,2.0,0.07101454799288892,-0.22890449418045627,0
3,Oracle,19,1.0,0.8,0.05637703110370713,-0.12859881242570267,0
3,Oracle,20,0.4,2.0,0.08718547543597105,-0.18465023690864488,1
3,Oracle,21,1.0,0.8,0.0803505805450537,-0.1242789261910873,0
3,Oracle,22,1.0,1.0,0.05348204842728242,-0.15426801150976127,0
3,Oracle,23,1.0,1.0,0.06415421154009203,-0.15367282557409162,0
3,Oracle,24,1.0,0.8,0.08405162214300477,-0.12397958840724513,0
3,Oracle,25,0.4,2.0,0.07743465280121137,-0.178977717772686,1
3,Oracle,26,0.7,1.0,0.061470121716512865,-0.12284249490146122,0
3,Oracle,27,0.4,2.0,0.0784499675558492,-0.1721851901334124,1
3,Oracle,28,0.7,0.8,0.08921253290824158,-0.10300054260531127,0
3,Oracle,29,0.7,2.0,0.08838875652480664,-0.23141557581439953,1
4,Fixed,0,0.4,0.8,0.060444604514730244,-0.16390632458913282,0
4,Fixed,1,1.0,2.0,0.0567368900290213,-0.47065083109831635,1
4,Fixed,2,0.4,1.0,0.05572419064019207,-0.20694677066674336,0
4,Fixed,3,1.0,1.0,0.07002633839342248,-0.318567848252753,1
4,Fixed,4,1.0,0.8,0.06737116969845262,-0.26828616764753077,1
4,Fixed,5,0.7,1.0,0.0594501231629921,-0.24498852319090467,1
4,Fixed,6,0.4,0.8,0.07209100933199461,-0.1592802371332274,0
4,Fixed,7,0.7,0.8,0.07261950362106558,-0.2030160684501291,1
4,Fixed,8,0.7,2.0,0.07424753698318617,-0.3654432129969023,1
4,Fixed,9,1.0,0.8,0.07352232440527938,-0.2649995098434245,1
4,Fixed,10,0.7,0.8,0.052069696048243005,-0.20842843220381904,1
4,Fixed,11,0.4,2.0,0.07133007757513794,-0.2539092481746019,1
4,Fixed,12,0.7,2.0,0.07815610605527751,-0.37416520622654453,1
4,Fixed,13,0.4,0.8,0.088335889066152,-0.1627097010560048,0
4,Fixed,14,0.4,2.0,0.0820849989671228,-0.2554490343425968,1
4,Fixed,15,1.0,2.0,0.05394104496255525,-0.47225093186117784,1
4,Fixed,16,0.4,0.8,0.08885999602031422,-0.15974674986680487,0
4,Fixed,17,0.4,0.8,0.07670730340993122,-0.1596912665388268,0
4,Fixed,18,0.7,0.8,0.058549542011658566,-0.19771075846907693,0
4,Fixed,19,0.7,0.8,0.07551776898957595,-0.1988414975118293,1
4,Fixed,20,0.4,2.0,0.0825409124611071,-0.2523123201349229,1
4,Fixed,21,0.7,0.8,0.08270160448611867,-0.20104465465285673,1
4,Fixed,22,0.7,1.0,0.08711258824671456,-0.23916663552109696,1
4,Fixed,23,0.7,0.8,0.05728970828651548,-0.20185582830518078,0
4,Fixed,24,1.0,0.8,0.08634217774984815,-0.26716906105917665,1
4,Fixed,25,1.0,1.0,0.06331633747029396,-0.3159268850088077,1
4,Fixed,26,0.7,2.0,0.06962324771423556,-0.36819967556984995,1
4,Fixed,27,0.7,2.0,0.05484647173434261,-0.3652075360857464,1
4,Fixed,28,1.0,0.8,0.06171900704307972,-0.26579015046995996,1
4,Fixed,29,0.7,2.0,0.05222215830077448,-0.3749937068114241,1
4,EpsilonGreedy,0,0.4,0.8,0.060444604514730244,-0.09443680768237833,0
4,EpsilonGreedy,1,1.0,2.0,0.0567368900290213,-0.366688854017173,1
4,EpsilonGreedy,2,0.4,1.0,0.05572419064019207,-0.12305500494097654,0
4,EpsilonGreedy,3,1.0,1.0,0.07002633839342248,-0.2076918906791814,0
4,EpsilonGreedy,4,1.0,0.8,0.06737116969845262,-0.1451924190314242,0
4,EpsilonGreedy,5,0.7,1.0,0.0594501231629921,-0.12069872559698663,0
4,EpsilonGreedy,6,0.4,0.8,0.07209100933199461,-0.08526528619551618,0
4,EpsilonGreedy,7,0.7,0.8,0.07261950362106558,-0.125853614919496,0
4,EpsilonGreedy,8,0.7,2.0,0.07424753698318617,-0.39869932572750166,1
4,EpsilonGreedy,9,1.0,0.8,0.07352232440527938,-0.1464733647511752,0
4,EpsilonGreedy,10,0.7,0.8,0.052069696048243005,-0.13743287856275416,0
4,EpsilonGreedy,11,0.4,2.0,0.07133007757513794,-0.22093779011001194,0
4,EpsilonGreedy,12,0.7,2.0,0.07815610605527751,-0.3396967851399221,1
4,EpsilonGreedy,13,0.4,0.8,0.088335889066152,-0.08618523143122592,0
4,EpsilonGreedy,14,0.4,2.0,0.0820849989671228,-0.21896896985936676,0
4,EpsilonGreedy,15,1.0,2.0,0.05394104496255525,-0.5167953694414743,1
4,EpsilonGreedy,16,0.4,0.8,0.08885999602031422,-0.08849663893112697,0
4,EpsilonGreedy,17,0.4,0.8,0.07670730340993122,-0.09029326967724235,0
4,EpsilonGreedy,18,0.7,0.8,0.058549542011658566,-0.12756942851559594,0
4,EpsilonGreedy,19,0.7,0.8,0.07551776898957595,-0.13287151367340533,0
4,EpsilonGreedy,20,0.4,2.0,0.0825409124611071,-0.18134244504817026,0
4,EpsilonGreedy,21,0.7,0.8,0.08270160448611867,-0.12970717740010002,0
4,EpsilonGreedy,22,0.7,1.0,0.08711258824671456,-0.14842836996297773,0
4,EpsilonGreedy,23,0.7,0.8,0.05728970828651548,-0.2336100564081352,1
4,EpsilonGreedy,24,1.0,0.8,0.08634217774984815,-0.14400617771212398,0
4,EpsilonGreedy,25,1.0,1.0,0.06331633747029396,-0.2048408828401511,0
4,EpsilonGreedy,26,0.7,2.0,0.06962324771423556,-0.34045505734381926,1
4,EpsilonGreedy,27,0.7,2.0,0.05484647173434261,-0.3398847938390019,1
4,EpsilonGreedy,28,1.0,0.8,0.06171900704307972,-0.14599800133900054,0
4,EpsilonGreedy,29,0.7,2.0,0.05222215830077448,-0.344626639784288,1
4,LinUCB,0,0.4,0.8,0.060444604514730244,-0.09651106513618657,0
4,LinUCB,1,1.0,2.0,0.0567368900290213,-0.3747572339371727,1
4,LinUCB,2,0.4,1.0,0.05572419064019207,-0.11864391716327234,0
4,LinUCB,3,1.0,1.0,0.07002633839342248,-0.15523918134092973,0
4,LinUCB,4,1.0,0.8,0.06737116969845262,-0.12569971865261026,0
4,LinUCB,5,0.7,1.0,0.0594501231629921,-0.3382263839063076,1
4,LinUCB,6,0.4,0.8,0.07209100933199461,-0.09250452790777906,0
4,LinUCB,7,0.7,0.8,0.07261950362106558,-0.30945268184863584,1
4,LinUCB,8,0.7,2.0,0.07424753698318617,-0.2927834321784684,1
4,LinUCB,9,1.0,0.8,0.07352232440527938,-0.1271146598518578,0
4,LinUCB,10,0.7,0.8,0.052069696048243005,-0.3117736176342632,1
4,LinUCB,11,0.4,2.0,0.07133007757513794,-0.19531927902344734,1
4,LinUCB,12,0.7,2.0,0.07815610605527751,-0.288091081685911,1
4,LinUCB,13,0.4,0.8,0.088335889066152,-0.08725426110590653,0
4,LinUCB,14,0.4,2.0,0.0820849989671228,-0.18703404187901515,1
4,LinUCB,15,1.0,2.0,0.05394104496255525,-0.37553107486517767,1
4,LinUCB,16,0.4,0.8,0.08885999602031422,-0.08989783516408435,0
4,LinUCB,17,0.4,0.8,0.07670730340993122,-0.09195165275394883,0
4,LinUCB,18,0.7,0.8,0.058549542011658566,-0.3155051184572983,1
4,LinUCB,19,0.7,0.8,0.07551776898957595,-0.31040662686524595,1
4,LinUCB,20,0.4,2.0,0.0825409124611071,-0.1920975617098693,1
4,LinUCB,21,0.7,0.8,0.08270160448611867,-0.3028991750277523,1
4,LinUCB,22,0.7,1.0,0.08711258824671456,-0.33839788705017626,1
4,LinUCB,23,0.7,0.8,0.05728970828651548,-0.30721948093603435,1
4,LinUCB,24,1.0,0.8,0.08634217774984815,-0.12181324667334648,0
4,LinUCB,25,1.0,1.0,0.06331633747029396,-0.15284476148263104,0
4,LinUCB,26,0.7,2.0,0.06962324771423556,-0.29790553377959267,1
4,LinUCB,27,0.7,2.0,0.05484647173434261,-0.29168239524914574,1
4,LinUCB,28,1.0,0.8,0.06171900704307972,-0.12408264075302197,0
4,LinUCB,29,0.7,2.0,0.05222215830077448,-0.2947041403257797,1
4,NeuralBandit,0,0.4,0.8,0.060444604514730244,-0.17842139751257138,0
4,NeuralBandit,1,1.0,2.0,0.0567368900290213,-0.34858938353008284,1
4,NeuralBandit,2,0.4,1.0,0.05572419064019207,-0.12329915392928101,0
4,NeuralBandit,3,1.0,1.0,0.07002633839342248,-0.39842327743560796,1
4,NeuralBandit,4,1.0,0.8,0.06737116969845262,-0.1757864087993475,0
4,NeuralBandit,5,0.7,1.0,0.0594501231629921,-0.26284384491436047,1
4,NeuralBandit,6,0.4,0.8,0.07209100933199461,-0.08517638280242103,0
4,NeuralBandit,7,0.7,0.8,0.07261950362106558,-0.2322298831295633,1
4,NeuralBandit,8,0.7,2.0,0.07424753698318617,-0.45087175694775533,1
4,NeuralBandit,9,1.0,0.8,0.07352232440527938,-0.35755086636625627,1
4,NeuralBandit,10,0.7,0.8,0.052069696048243005,-0.10481735201987422,0
4,NeuralBandit,11,0.4,2.0,0.07133007757513794,-0.25536835811989217,1
4,NeuralBandit,12,0.7,2.0,0.07815610605527751,-0.2632631329386481,1
4,NeuralBandit,13,0.4,0.8,0.088335889066152,-0.19288492152941952,1
4,NeuralBandit,14,0.4,2.0,0.0820849989671228,-0.21778855010046427,0
4,NeuralBandit,15,1.0,2.0,0.05394104496255525,-0.3259342071422293,1
4,NeuralBandit,16,0.4,0.8,0.08885999602031422,-0.07732802268247066,0
4,NeuralBandit,17,0.4,0.8,0.07670730340993122,-0.15184795725406014,0
4,NeuralBandit,18,0.7,0.8,0.058549542011658566,-0.24320525237938678,1
4,NeuralBandit,19,0.7,0.8,0.07551776898957595,-0.1035107055892393,0
4,NeuralBandit,20,0.4,2.0,0.0825409124611071,-0.17730763813664857,1
4,NeuralBandit,21,0.7,0.8,0.08270160448611867,-0.14630045794661903,0
4,NeuralBandit,22,0.7,1.0,0.08711258824671456,-0.23016977478914535,0
4,NeuralBandit,23,0.7,0.8,0.05728970828651548,-0.24838164195595883,1
4,NeuralBandit,24,1.0,0.8,0.08634217774984815,-0.13435119417795005,0
4,NeuralBandit,25,1.0,1.0,0.06331633747029396,-0.1763657970245018,0
4,NeuralBandit,26,0.7,2.0,0.06962324771423556,-0.2951560738123245,1
4,NeuralBandit,27,0.7,2.0,0.05484647173434261,-0.4815723317739188,1
4,NeuralBandit,28,1.0,0.8,0.06171900704307972,-0.130515229809689,0
4,NeuralBandit,29,0.7,2.0,0.05222215830077448,-0.34888969630290567,1
4,Oracle,0,0.4,0.8,0.060444604514730244,-0.074601809248366,0
4,Oracle,1,1.0,2.0,0.0567368900290213,-0.3052224229263296,1
4,Oracle,2,0.4,1.0,0.05572419064019207,-0.09616615188198221,0
4,Oracle,3,1.0,1.0,0.07002633839342248,-0.15034305596205558,0
4,Oracle,4,1.0,0.8,0.06737116969845262,-0.12209169435609264,0
4,Oracle,5,0.7,1.0,0.0594501231629921,-0.11960773802319392,0
4,Oracle,6,0.4,0.8,0.07209100933199461,-0.0759804181914549,0
4,Oracle,7,0.7,0.8,0.07261950362106558,-0.10160429206966681,0
4,Oracle,8,0.7,2.0,0.07424753698318617,-0.23352406280034232,0
4,Oracle,9,1.0,0.8,0.07352232440527938,-0.12804973375622358,0
4,Oracle,10,0.7,0.8,0.052069696048243005,-0.10267490966861355,0
4,Oracle,11,0.4,2.0,0.07133007757513794,-0.1756753798042499,1
4,Oracle,12,0.7,2.0,0.07815610605527751,-0.22827211461303795,0
4,Oracle,13,0.4,0.8,0.088335889066152,-0.07857404226188322,0
4,Oracle,14,0.4,2.0,0.0820849989671228,-0.1755793863591905,1
4,Oracle,15,1.0,2.0,0.05394104496255525,-0.3093629693309905,1
4,Oracle,16,0.4,0.8,0.08885999602031422,-0.07550271057286496,0
4,Oracle,17,0.4,0.8,0.07670730340993122,-0.08412633889582774,0
4,Oracle,18,0.7,0.8,0.058549542011658566,-0.09958273095018304,0
4,Oracle,19,0.7,0.8,0.07551776898957595,-0.10168830083535427,0
4,Oracle,20,0.4,2.0,0.0825409124611071,-0.1765576417030794,1
4,Oracle,21,0.7,0.8,0.08270160448611867,-0.09866672373835467,0
4,Oracle,22,0.7,1.0,0.08711258824671456,-0.12270882328157826,0
4,Oracle,23,0.7,0.8,0.05728970828651548,-0.10155603102933228,0
4,Oracle,24,1.0,0.8,0.08634217774984815,-0.12213462981759445,0
4,Oracle,25,1.0,1.0,0.06331633747029396,-0.15616695168712147,0
4,Oracle,26,0.7,2.0,0.06962324771423556,-0.2333616247344117,0
4,Oracle,27,0.7,2.0,0.05484647173434261,-0.2293408401914405,0
4,Oracle,28,1.0,0.8,0.06171900704307972,-0.12657646783483098,0
4,Oracle,29,0.7,2.0,0.05222215830077448,-0.23296092458678969,0
